"0","# Generate example data"
"0","set.seed(123)"
"0","n <- 1000  # number of observations"
"0","d <- 5     # number of features"
"0",""
"0","# Design matrix"
"0","X <- matrix(rnorm(n * d), n, d)"
"0","colnames(X) <- paste0(""X"", 1:d)"
"0",""
"0","# True parameters"
"0","beta_true <- c(1.5, -0.8, 0.6, -0.4, 0.2)"
"0","p_true <- 2"
"0",""
"0","# Generate response"
"0","eta <- X %*% beta_true"
"0","alpha <- p_scale(p_true)"
"0","prob <- gnorm::pgnorm(eta, mu = 0, alpha = alpha, beta = p_true)"
"0","y <- rbinom(n, 1, prob)"
"0",""
"0","# Fit model"
"0","fit <- multi_chain("
"0","  n_sim = 2000,"
"0","  burn_in = 500,"
"0","  X = X,"
"0","  y = y,"
"0","  initial_theta = rep(0, d),"
"0","  initial_p = 2,"
"0","  mh_iter = 100,"
"0","  p_range = c(1, 3),"
"0","  step_size = 0.05,"
"0","  n_chains = 3"
"0",")"
"1","  |                                                                     "
"1","  |                                                               |   0%"
"1","  |                                                                     "
"1","  |                                                               |   1%"
"1","  |                                                                     "
"1","  |=                                                              |   1%"
"1","  |                                                                     "
"1","  |=                                                              |   2%"
"1","  |                                                                     "
"1","  |==                                                             |   2%"
"1","  |                                                                     "
"1","  |==                                                             |   3%"
"1","  |                                                                     "
"1","  |==                                                             |   4%"
"1","  |                                                                     "
"1","  |===                                                            |   4%"
"1","  |                                                                     "
"1","  |===                                                            |   5%"
"1","  |                                                                     "
"1","  |===                                                            |   6%"
"1","  |                                                                     "
"1","  |====                                                           |   6%"
"1","  |                                                                     "
"1","  |====                                                           |   7%"
"1","  |                                                                     "
"1","  |=====                                                          |   7%"
"1","  |                                                                     "
"1","  |=====                                                          |   8%"
"1","  |                                                                     "
"1","  |=====                                                          |   9%"
"1","  |                                                                     "
"1","  |======                                                         |   9%"
"1","  |                                                                     "
"1","  |======                                                         |  10%"
"1","  |                                                                     "
"1","  |=======                                                        |  10%"
"1","  |                                                                     "
"1","  |=======                                                        |  11%"
"1","  |                                                                     "
"1","  |=======                                                        |  12%"
"1","  |                                                                     "
"1","  |========                                                       |  12%"
"1","  |                                                                     "
"1","  |========                                                       |  13%"
"1","  |                                                                     "
"1","  |=========                                                      |  14%"
"1","  |                                                                     "
"1","  |=========                                                      |  15%"
"1","  |                                                                     "
"1","  |==========                                                     |  15%"
"1","  |                                                                     "
"1","  |==========                                                     |  16%"
"1","  |                                                                     "
"1","  |==========                                                     |  17%"
"1","  |                                                                     "
"1","  |===========                                                    |  17%"
"1","  |                                                                     "
"1","  |===========                                                    |  18%"
"1","  |                                                                     "
"1","  |============                                                   |  18%"
"1","  |                                                                     "
"1","  |============                                                   |  19%"
"1","  |                                                                     "
"1","  |============                                                   |  20%"
"1","  |                                                                     "
"1","  |=============                                                  |  20%"
"1","  |                                                                     "
"1","  |=============                                                  |  21%"
"1","  |                                                                     "
"1","  |==============                                                 |  21%"
"1","  |                                                                     "
"1","  |==============                                                 |  22%"
"1","  |                                                                     "
"1","  |==============                                                 |  23%"
"1","  |                                                                     "
"1","  |===============                                                |  23%"
"1","  |                                                                     "
"1","  |===============                                                |  24%"
"1","  |                                                                     "
"1","  |===============                                                |  25%"
"1","  |                                                                     "
"1","  |================                                               |  25%"
"1","  |                                                                     "
"1","  |================                                               |  26%"
"1","  |                                                                     "
"1","  |=================                                              |  26%"
"1","  |                                                                     "
"1","  |=================                                              |  27%"
"1","  |                                                                     "
"1","  |=================                                              |  28%"
"1","  |                                                                     "
"1","  |==================                                             |  28%"
"1","  |                                                                     "
"1","  |==================                                             |  29%"
"1","  |                                                                     "
"1","  |===================                                            |  29%"
"1","  |                                                                     "
"1","  |===================                                            |  30%"
"1","  |                                                                     "
"1","  |===================                                            |  31%"
"1","  |                                                                     "
"1","  |====================                                           |  31%"
"1","  |                                                                     "
"1","  |====================                                           |  32%"
"1","  |                                                                     "
"1","  |=====================                                          |  33%"
"1","  |                                                                     "
"1","  |=====================                                          |  34%"
"1","  |                                                                     "
"1","  |======================                                         |  34%"
"1","  |                                                                     "
"1","  |======================                                         |  35%"
"1","  |                                                                     "
"1","  |======================                                         |  36%"
"1","  |                                                                     "
"1","  |=======================                                        |  36%"
"1","  |                                                                     "
"1","  |=======================                                        |  37%"
"1","  |                                                                     "
"1","  |========================                                       |  37%"
"1","  |                                                                     "
"1","  |========================                                       |  38%"
"1","  |                                                                     "
"1","  |========================                                       |  39%"
"1","  |                                                                     "
"1","  |=========================                                      |  39%"
"1","  |                                                                     "
"1","  |=========================                                      |  40%"
"1","  |                                                                     "
"1","  |==========================                                     |  40%"
"1","  |                                                                     "
"1","  |==========================                                     |  41%"
"1","  |                                                                     "
"1","  |==========================                                     |  42%"
"1","  |                                                                     "
"1","  |===========================                                    |  42%"
"1","  |                                                                     "
"1","  |===========================                                    |  43%"
"1","  |                                                                     "
"1","  |===========================                                    |  44%"
"1","  |                                                                     "
"1","  |============================                                   |  44%"
"1","  |                                                                     "
"1","  |============================                                   |  45%"
"1","  |                                                                     "
"1","  |=============================                                  |  45%"
"1","  |                                                                     "
"1","  |=============================                                  |  46%"
"1","  |                                                                     "
"1","  |=============================                                  |  47%"
"1","  |                                                                     "
"1","  |==============================                                 |  47%"
"1","  |                                                                     "
"1","  |==============================                                 |  48%"
"1","  |                                                                     "
"1","  |===============================                                |  48%"
"1","  |                                                                     "
"1","  |===============================                                |  49%"
"1","  |                                                                     "
"1","  |===============================                                |  50%"
"1","  |                                                                     "
"1","  |================================                               |  50%"
"1","  |                                                                     "
"1","  |================================                               |  51%"
"1","  |                                                                     "
"1","  |================================                               |  52%"
"1","  |                                                                     "
"1","  |=================================                              |  52%"
"1","  |                                                                     "
"1","  |=================================                              |  53%"
"1","  |                                                                     "
"1","  |==================================                             |  53%"
"1","  |                                                                     "
"1","  |==================================                             |  54%"
"1","  |                                                                     "
"1","  |==================================                             |  55%"
"1","  |                                                                     "
"1","  |===================================                            |  55%"
"1","  |                                                                     "
"1","  |===================================                            |  56%"
"1","  |                                                                     "
"1","  |====================================                           |  56%"
"1","  |                                                                     "
"1","  |====================================                           |  57%"
"1","  |                                                                     "
"1","  |====================================                           |  58%"
"1","  |                                                                     "
"1","  |=====================================                          |  58%"
"1","  |                                                                     "
"1","  |=====================================                          |  59%"
"1","  |                                                                     "
"1","  |=====================================                          |  60%"
"1","  |                                                                     "
"1","  |======================================                         |  60%"
"1","  |                                                                     "
"1","  |======================================                         |  61%"
"1","  |                                                                     "
"1","  |=======================================                        |  61%"
"1","  |                                                                     "
"1","  |=======================================                        |  62%"
"1","  |                                                                     "
"1","  |=======================================                        |  63%"
"1","  |                                                                     "
"1","  |========================================                       |  63%"
"1","  |                                                                     "
"1","  |========================================                       |  64%"
"1","  |                                                                     "
"1","  |=========================================                      |  64%"
"1","  |                                                                     "
"1","  |=========================================                      |  65%"
"1","  |                                                                     "
"1","  |=========================================                      |  66%"
"1","  |                                                                     "
"1","  |==========================================                     |  66%"
"1","  |                                                                     "
"1","  |==========================================                     |  67%"
"1","  |                                                                     "
"1","  |===========================================                    |  68%"
"1","  |                                                                     "
"1","  |===========================================                    |  69%"
"1","  |                                                                     "
"1","  |============================================                   |  69%"
"1","  |                                                                     "
"1","  |============================================                   |  70%"
"1","  |                                                                     "
"1","  |============================================                   |  71%"
"1","  |                                                                     "
"1","  |=============================================                  |  71%"
"1","  |                                                                     "
"1","  |=============================================                  |  72%"
"1","  |                                                                     "
"1","  |==============================================                 |  72%"
"1","  |                                                                     "
"1","  |==============================================                 |  73%"
"1","  |                                                                     "
"1","  |==============================================                 |  74%"
"1","  |                                                                     "
"1","  |===============================================                |  74%"
"1","  |                                                                     "
"1","  |===============================================                |  75%"
"1","  |                                                                     "
"1","  |================================================               |  75%"
"1","  |                                                                     "
"1","  |================================================               |  76%"
"1","  |                                                                     "
"1","  |================================================               |  77%"
"1","  |                                                                     "
"1","  |=================================================              |  77%"
"1","  |                                                                     "
"1","  |=================================================              |  78%"
"1","  |                                                                     "
"1","  |=================================================              |  79%"
"1","  |                                                                     "
"1","  |==================================================             |  79%"
"1","  |                                                                     "
"1","  |==================================================             |  80%"
"1","  |                                                                     "
"1","  |===================================================            |  80%"
"1","  |                                                                     "
"1","  |===================================================            |  81%"
"1","  |                                                                     "
"1","  |===================================================            |  82%"
"1","  |                                                                     "
"1","  |====================================================           |  82%"
"1","  |                                                                     "
"1","  |====================================================           |  83%"
"1","  |                                                                     "
"1","  |=====================================================          |  83%"
"1","  |                                                                     "
"1","  |=====================================================          |  84%"
"1","  |                                                                     "
"1","  |=====================================================          |  85%"
"1","  |                                                                     "
"1","  |======================================================         |  85%"
"1","  |                                                                     "
"1","  |======================================================         |  86%"
"1","  |                                                                     "
"1","  |=======================================================        |  87%"
"1","  |                                                                     "
"1","  |=======================================================        |  88%"
"1","  |                                                                     "
"1","  |========================================================       |  88%"
"1","  |                                                                     "
"1","  |========================================================       |  89%"
"1","  |                                                                     "
"1","  |========================================================       |  90%"
"1","  |                                                                     "
"1","  |=========================================================      |  90%"
"1","  |                                                                     "
"1","  |=========================================================      |  91%"
"1","  |                                                                     "
"1","  |==========================================================     |  91%"
"1","  |                                                                     "
"1","  |==========================================================     |  92%"
"1","  |                                                                     "
"1","  |==========================================================     |  93%"
"1","  |                                                                     "
"1","  |===========================================================    |  93%"
"1","  |                                                                     "
"1","  |===========================================================    |  94%"
"1","  |                                                                     "
"1","  |============================================================   |  94%"
"1","  |                                                                     "
"1","  |============================================================   |  95%"
"1","  |                                                                     "
"1","  |============================================================   |  96%"
"1","  |                                                                     "
"1","  |=============================================================  |  96%"
"1","  |                                                                     "
"1","  |=============================================================  |  97%"
"1","  |                                                                     "
"1","  |=============================================================  |  98%"
"1","  |                                                                     "
"1","  |============================================================== |  98%"
"1","  |                                                                     "
"1","  |============================================================== |  99%"
"1","  |                                                                     "
"1","  |===============================================================|  99%"
"1","  |                                                                     "
"1","  |===============================================================| 100%"
"1","
"
"1","  |                                                                     "
"1","  |                                                               |   0%"
"1","  |                                                                     "
"1","  |                                                               |   1%"
"1","  |                                                                     "
"1","  |=                                                              |   1%"
"1","  |                                                                     "
"1","  |=                                                              |   2%"
"1","  |                                                                     "
"1","  |==                                                             |   2%"
"1","  |                                                                     "
"1","  |==                                                             |   3%"
"1","  |                                                                     "
"1","  |==                                                             |   4%"
"1","  |                                                                     "
"1","  |===                                                            |   4%"
"1","  |                                                                     "
"1","  |===                                                            |   5%"
"1","  |                                                                     "
"1","  |===                                                            |   6%"
"1","  |                                                                     "
"1","  |====                                                           |   6%"
"1","  |                                                                     "
"1","  |====                                                           |   7%"
"1","  |                                                                     "
"1","  |=====                                                          |   7%"
"1","  |                                                                     "
"1","  |=====                                                          |   8%"
"1","  |                                                                     "
"1","  |=====                                                          |   9%"
"1","  |                                                                     "
"1","  |======                                                         |   9%"
"1","  |                                                                     "
"1","  |======                                                         |  10%"
"1","  |                                                                     "
"1","  |=======                                                        |  10%"
"1","  |                                                                     "
"1","  |=======                                                        |  11%"
"1","  |                                                                     "
"1","  |=======                                                        |  12%"
"1","  |                                                                     "
"1","  |========                                                       |  12%"
"1","  |                                                                     "
"1","  |========                                                       |  13%"
"1","  |                                                                     "
"1","  |=========                                                      |  14%"
"1","  |                                                                     "
"1","  |=========                                                      |  15%"
"1","  |                                                                     "
"1","  |==========                                                     |  15%"
"1","  |                                                                     "
"1","  |==========                                                     |  16%"
"1","  |                                                                     "
"1","  |==========                                                     |  17%"
"1","  |                                                                     "
"1","  |===========                                                    |  17%"
"1","  |                                                                     "
"1","  |===========                                                    |  18%"
"1","  |                                                                     "
"1","  |============                                                   |  18%"
"1","  |                                                                     "
"1","  |============                                                   |  19%"
"1","  |                                                                     "
"1","  |============                                                   |  20%"
"1","  |                                                                     "
"1","  |=============                                                  |  20%"
"1","  |                                                                     "
"1","  |=============                                                  |  21%"
"1","  |                                                                     "
"1","  |==============                                                 |  21%"
"1","  |                                                                     "
"1","  |==============                                                 |  22%"
"1","  |                                                                     "
"1","  |==============                                                 |  23%"
"1","  |                                                                     "
"1","  |===============                                                |  23%"
"1","  |                                                                     "
"1","  |===============                                                |  24%"
"1","  |                                                                     "
"1","  |===============                                                |  25%"
"1","  |                                                                     "
"1","  |================                                               |  25%"
"1","  |                                                                     "
"1","  |================                                               |  26%"
"1","  |                                                                     "
"1","  |=================                                              |  26%"
"1","  |                                                                     "
"1","  |=================                                              |  27%"
"1","  |                                                                     "
"1","  |=================                                              |  28%"
"1","  |                                                                     "
"1","  |==================                                             |  28%"
"1","  |                                                                     "
"1","  |==================                                             |  29%"
"1","  |                                                                     "
"1","  |===================                                            |  29%"
"1","  |                                                                     "
"1","  |===================                                            |  30%"
"1","  |                                                                     "
"1","  |===================                                            |  31%"
"1","  |                                                                     "
"1","  |====================                                           |  31%"
"1","  |                                                                     "
"1","  |====================                                           |  32%"
"1","  |                                                                     "
"1","  |=====================                                          |  33%"
"1","  |                                                                     "
"1","  |=====================                                          |  34%"
"1","  |                                                                     "
"1","  |======================                                         |  34%"
"1","  |                                                                     "
"1","  |======================                                         |  35%"
"1","  |                                                                     "
"1","  |======================                                         |  36%"
"1","  |                                                                     "
"1","  |=======================                                        |  36%"
"1","  |                                                                     "
"1","  |=======================                                        |  37%"
"1","  |                                                                     "
"1","  |========================                                       |  37%"
"1","  |                                                                     "
"1","  |========================                                       |  38%"
"1","  |                                                                     "
"1","  |========================                                       |  39%"
"1","  |                                                                     "
"1","  |=========================                                      |  39%"
"1","  |                                                                     "
"1","  |=========================                                      |  40%"
"1","  |                                                                     "
"1","  |==========================                                     |  40%"
"1","  |                                                                     "
"1","  |==========================                                     |  41%"
"1","  |                                                                     "
"1","  |==========================                                     |  42%"
"1","  |                                                                     "
"1","  |===========================                                    |  42%"
"1","  |                                                                     "
"1","  |===========================                                    |  43%"
"1","  |                                                                     "
"1","  |===========================                                    |  44%"
"1","  |                                                                     "
"1","  |============================                                   |  44%"
"1","  |                                                                     "
"1","  |============================                                   |  45%"
"1","  |                                                                     "
"1","  |=============================                                  |  45%"
"1","  |                                                                     "
"1","  |=============================                                  |  46%"
"1","  |                                                                     "
"1","  |=============================                                  |  47%"
"1","  |                                                                     "
"1","  |==============================                                 |  47%"
"1","  |                                                                     "
"1","  |==============================                                 |  48%"
"1","  |                                                                     "
"1","  |===============================                                |  48%"
"1","  |                                                                     "
"1","  |===============================                                |  49%"
"1","  |                                                                     "
"1","  |===============================                                |  50%"
"1","  |                                                                     "
"1","  |================================                               |  50%"
"1","  |                                                                     "
"1","  |================================                               |  51%"
"1","  |                                                                     "
"1","  |================================                               |  52%"
"1","  |                                                                     "
"1","  |=================================                              |  52%"
"1","  |                                                                     "
"1","  |=================================                              |  53%"
"1","  |                                                                     "
"1","  |==================================                             |  53%"
"1","  |                                                                     "
"1","  |==================================                             |  54%"
"1","  |                                                                     "
"1","  |==================================                             |  55%"
"1","  |                                                                     "
"1","  |===================================                            |  55%"
"1","  |                                                                     "
"1","  |===================================                            |  56%"
"1","  |                                                                     "
"1","  |====================================                           |  56%"
"1","  |                                                                     "
"1","  |====================================                           |  57%"
"1","  |                                                                     "
"1","  |====================================                           |  58%"
"1","  |                                                                     "
"1","  |=====================================                          |  58%"
"1","  |                                                                     "
"1","  |=====================================                          |  59%"
"1","  |                                                                     "
"1","  |=====================================                          |  60%"
"1","  |                                                                     "
"1","  |======================================                         |  60%"
"1","  |                                                                     "
"1","  |======================================                         |  61%"
"1","  |                                                                     "
"1","  |=======================================                        |  61%"
"1","  |                                                                     "
"1","  |=======================================                        |  62%"
"1","  |                                                                     "
"1","  |=======================================                        |  63%"
"1","  |                                                                     "
"1","  |========================================                       |  63%"
"1","  |                                                                     "
"1","  |========================================                       |  64%"
"1","  |                                                                     "
"1","  |=========================================                      |  64%"
"1","  |                                                                     "
"1","  |=========================================                      |  65%"
"1","  |                                                                     "
"1","  |=========================================                      |  66%"
"1","  |                                                                     "
"1","  |==========================================                     |  66%"
"1","  |                                                                     "
"1","  |==========================================                     |  67%"
"1","  |                                                                     "
"1","  |===========================================                    |  68%"
"1","  |                                                                     "
"1","  |===========================================                    |  69%"
"1","  |                                                                     "
"1","  |============================================                   |  69%"
"1","  |                                                                     "
"1","  |============================================                   |  70%"
"1","  |                                                                     "
"1","  |============================================                   |  71%"
"1","  |                                                                     "
"1","  |=============================================                  |  71%"
"1","  |                                                                     "
"1","  |=============================================                  |  72%"
"1","  |                                                                     "
"1","  |==============================================                 |  72%"
"1","  |                                                                     "
"1","  |==============================================                 |  73%"
"1","  |                                                                     "
"1","  |==============================================                 |  74%"
"1","  |                                                                     "
"1","  |===============================================                |  74%"
"1","  |                                                                     "
"1","  |===============================================                |  75%"
"1","  |                                                                     "
"1","  |================================================               |  75%"
"1","  |                                                                     "
"1","  |================================================               |  76%"
"1","  |                                                                     "
"1","  |================================================               |  77%"
"1","  |                                                                     "
"1","  |=================================================              |  77%"
"1","  |                                                                     "
"1","  |=================================================              |  78%"
"1","  |                                                                     "
"1","  |=================================================              |  79%"
"1","  |                                                                     "
"1","  |==================================================             |  79%"
"1","  |                                                                     "
"1","  |==================================================             |  80%"
"1","  |                                                                     "
"1","  |===================================================            |  80%"
"1","  |                                                                     "
"1","  |===================================================            |  81%"
"1","  |                                                                     "
"1","  |===================================================            |  82%"
"1","  |                                                                     "
"1","  |====================================================           |  82%"
"1","  |                                                                     "
"1","  |====================================================           |  83%"
"1","  |                                                                     "
"1","  |=====================================================          |  83%"
"1","  |                                                                     "
"1","  |=====================================================          |  84%"
"1","  |                                                                     "
"1","  |=====================================================          |  85%"
"1","  |                                                                     "
"1","  |======================================================         |  85%"
"1","  |                                                                     "
"1","  |======================================================         |  86%"
"1","  |                                                                     "
"1","  |=======================================================        |  87%"
"1","  |                                                                     "
"1","  |=======================================================        |  88%"
"1","  |                                                                     "
"1","  |========================================================       |  88%"
"1","  |                                                                     "
"1","  |========================================================       |  89%"
"1","  |                                                                     "
"1","  |========================================================       |  90%"
"1","  |                                                                     "
"1","  |=========================================================      |  90%"
"1","  |                                                                     "
"1","  |=========================================================      |  91%"
"1","  |                                                                     "
"1","  |==========================================================     |  91%"
"1","  |                                                                     "
"1","  |==========================================================     |  92%"
"1","  |                                                                     "
"1","  |==========================================================     |  93%"
"1","  |                                                                     "
"1","  |===========================================================    |  93%"
"1","  |                                                                     "
"1","  |===========================================================    |  94%"
"1","  |                                                                     "
"1","  |============================================================   |  94%"
"1","  |                                                                     "
"1","  |============================================================   |  95%"
"1","  |                                                                     "
"1","  |============================================================   |  96%"
"1","  |                                                                     "
"1","  |=============================================================  |  96%"
"1","  |                                                                     "
"1","  |=============================================================  |  97%"
"1","  |                                                                     "
"1","  |=============================================================  |  98%"
"1","  |                                                                     "
"1","  |============================================================== |  98%"
"1","  |                                                                     "
"1","  |============================================================== |  99%"
"1","  |                                                                     "
"1","  |===============================================================|  99%"
"1","  |                                                                     "
"1","  |===============================================================| 100%"
"1","
"
"1","  |                                                                     "
"1","  |                                                               |   0%"
"1","  |                                                                     "
"1","  |                                                               |   1%"
"1","  |                                                                     "
"1","  |=                                                              |   1%"
"1","  |                                                                     "
"1","  |=                                                              |   2%"
"1","  |                                                                     "
"1","  |==                                                             |   2%"
"1","  |                                                                     "
"1","  |==                                                             |   3%"
"1","  |                                                                     "
"1","  |==                                                             |   4%"
"1","  |                                                                     "
"1","  |===                                                            |   4%"
"1","  |                                                                     "
"1","  |===                                                            |   5%"
"1","  |                                                                     "
"1","  |===                                                            |   6%"
"1","  |                                                                     "
"1","  |====                                                           |   6%"
"1","  |                                                                     "
"1","  |====                                                           |   7%"
"1","  |                                                                     "
"1","  |=====                                                          |   7%"
"1","  |                                                                     "
"1","  |=====                                                          |   8%"
"1","  |                                                                     "
"1","  |=====                                                          |   9%"
"1","  |                                                                     "
"1","  |======                                                         |   9%"
"1","  |                                                                     "
"1","  |======                                                         |  10%"
"1","  |                                                                     "
"1","  |=======                                                        |  10%"
"1","  |                                                                     "
"1","  |=======                                                        |  11%"
"1","  |                                                                     "
"1","  |=======                                                        |  12%"
"1","  |                                                                     "
"1","  |========                                                       |  12%"
"1","  |                                                                     "
"1","  |========                                                       |  13%"
"1","  |                                                                     "
"1","  |=========                                                      |  14%"
"1","  |                                                                     "
"1","  |=========                                                      |  15%"
"1","  |                                                                     "
"1","  |==========                                                     |  15%"
"1","  |                                                                     "
"1","  |==========                                                     |  16%"
"1","  |                                                                     "
"1","  |==========                                                     |  17%"
"1","  |                                                                     "
"1","  |===========                                                    |  17%"
"1","  |                                                                     "
"1","  |===========                                                    |  18%"
"1","  |                                                                     "
"1","  |============                                                   |  18%"
"1","  |                                                                     "
"1","  |============                                                   |  19%"
"1","  |                                                                     "
"1","  |============                                                   |  20%"
"1","  |                                                                     "
"1","  |=============                                                  |  20%"
"1","  |                                                                     "
"1","  |=============                                                  |  21%"
"1","  |                                                                     "
"1","  |==============                                                 |  21%"
"1","  |                                                                     "
"1","  |==============                                                 |  22%"
"1","  |                                                                     "
"1","  |==============                                                 |  23%"
"1","  |                                                                     "
"1","  |===============                                                |  23%"
"1","  |                                                                     "
"1","  |===============                                                |  24%"
"1","  |                                                                     "
"1","  |===============                                                |  25%"
"1","  |                                                                     "
"1","  |================                                               |  25%"
"1","  |                                                                     "
"1","  |================                                               |  26%"
"1","  |                                                                     "
"1","  |=================                                              |  26%"
"1","  |                                                                     "
"1","  |=================                                              |  27%"
"1","  |                                                                     "
"1","  |=================                                              |  28%"
"1","  |                                                                     "
"1","  |==================                                             |  28%"
"1","  |                                                                     "
"1","  |==================                                             |  29%"
"1","  |                                                                     "
"1","  |===================                                            |  29%"
"1","  |                                                                     "
"1","  |===================                                            |  30%"
"1","  |                                                                     "
"1","  |===================                                            |  31%"
"1","  |                                                                     "
"1","  |====================                                           |  31%"
"1","  |                                                                     "
"1","  |====================                                           |  32%"
"1","  |                                                                     "
"1","  |=====================                                          |  33%"
"1","  |                                                                     "
"1","  |=====================                                          |  34%"
"1","  |                                                                     "
"1","  |======================                                         |  34%"
"1","  |                                                                     "
"1","  |======================                                         |  35%"
"1","  |                                                                     "
"1","  |======================                                         |  36%"
"1","  |                                                                     "
"1","  |=======================                                        |  36%"
"1","  |                                                                     "
"1","  |=======================                                        |  37%"
"1","  |                                                                     "
"1","  |========================                                       |  37%"
"1","  |                                                                     "
"1","  |========================                                       |  38%"
"1","  |                                                                     "
"1","  |========================                                       |  39%"
"1","  |                                                                     "
"1","  |=========================                                      |  39%"
"1","  |                                                                     "
"1","  |=========================                                      |  40%"
"1","  |                                                                     "
"1","  |==========================                                     |  40%"
"1","  |                                                                     "
"1","  |==========================                                     |  41%"
"1","  |                                                                     "
"1","  |==========================                                     |  42%"
"1","  |                                                                     "
"1","  |===========================                                    |  42%"
"1","  |                                                                     "
"1","  |===========================                                    |  43%"
"1","  |                                                                     "
"1","  |===========================                                    |  44%"
"1","  |                                                                     "
"1","  |============================                                   |  44%"
"1","  |                                                                     "
"1","  |============================                                   |  45%"
"1","  |                                                                     "
"1","  |=============================                                  |  45%"
"1","  |                                                                     "
"1","  |=============================                                  |  46%"
"1","  |                                                                     "
"1","  |=============================                                  |  47%"
"1","  |                                                                     "
"1","  |==============================                                 |  47%"
"1","  |                                                                     "
"1","  |==============================                                 |  48%"
"1","  |                                                                     "
"1","  |===============================                                |  48%"
"1","  |                                                                     "
"1","  |===============================                                |  49%"
"1","  |                                                                     "
"1","  |===============================                                |  50%"
"1","  |                                                                     "
"1","  |================================                               |  50%"
"1","  |                                                                     "
"1","  |================================                               |  51%"
"1","  |                                                                     "
"1","  |================================                               |  52%"
"1","  |                                                                     "
"1","  |=================================                              |  52%"
"1","  |                                                                     "
"1","  |=================================                              |  53%"
"1","  |                                                                     "
"1","  |==================================                             |  53%"
"1","  |                                                                     "
"1","  |==================================                             |  54%"
"1","  |                                                                     "
"1","  |==================================                             |  55%"
"1","  |                                                                     "
"1","  |===================================                            |  55%"
"1","  |                                                                     "
"1","  |===================================                            |  56%"
"1","  |                                                                     "
"1","  |====================================                           |  56%"
"1","  |                                                                     "
"1","  |====================================                           |  57%"
"1","  |                                                                     "
"1","  |====================================                           |  58%"
"1","  |                                                                     "
"1","  |=====================================                          |  58%"
"1","  |                                                                     "
"1","  |=====================================                          |  59%"
"1","  |                                                                     "
"1","  |=====================================                          |  60%"
"1","  |                                                                     "
"1","  |======================================                         |  60%"
"1","  |                                                                     "
"1","  |======================================                         |  61%"
"1","  |                                                                     "
"1","  |=======================================                        |  61%"
"1","  |                                                                     "
"1","  |=======================================                        |  62%"
"1","  |                                                                     "
"1","  |=======================================                        |  63%"
"1","  |                                                                     "
"1","  |========================================                       |  63%"
"1","  |                                                                     "
"1","  |========================================                       |  64%"
"1","  |                                                                     "
"1","  |=========================================                      |  64%"
"1","  |                                                                     "
"1","  |=========================================                      |  65%"
"1","  |                                                                     "
"1","  |=========================================                      |  66%"
"1","  |                                                                     "
"1","  |==========================================                     |  66%"
"1","  |                                                                     "
"1","  |==========================================                     |  67%"
"1","  |                                                                     "
"1","  |===========================================                    |  68%"
"1","  |                                                                     "
"1","  |===========================================                    |  69%"
"1","  |                                                                     "
"1","  |============================================                   |  69%"
"1","  |                                                                     "
"1","  |============================================                   |  70%"
"1","  |                                                                     "
"1","  |============================================                   |  71%"
"1","  |                                                                     "
"1","  |=============================================                  |  71%"
"1","  |                                                                     "
"1","  |=============================================                  |  72%"
"1","  |                                                                     "
"1","  |==============================================                 |  72%"
"1","  |                                                                     "
"1","  |==============================================                 |  73%"
"1","  |                                                                     "
"1","  |==============================================                 |  74%"
"1","  |                                                                     "
"1","  |===============================================                |  74%"
"1","  |                                                                     "
"1","  |===============================================                |  75%"
"1","  |                                                                     "
"1","  |================================================               |  75%"
"1","  |                                                                     "
"1","  |================================================               |  76%"
"1","  |                                                                     "
"1","  |================================================               |  77%"
"1","  |                                                                     "
"1","  |=================================================              |  77%"
"1","  |                                                                     "
"1","  |=================================================              |  78%"
"1","  |                                                                     "
"1","  |=================================================              |  79%"
"1","  |                                                                     "
"1","  |==================================================             |  79%"
"1","  |                                                                     "
"1","  |==================================================             |  80%"
"1","  |                                                                     "
"1","  |===================================================            |  80%"
"1","  |                                                                     "
"1","  |===================================================            |  81%"
"1","  |                                                                     "
"1","  |===================================================            |  82%"
"1","  |                                                                     "
"1","  |====================================================           |  82%"
"1","  |                                                                     "
"1","  |====================================================           |  83%"
"1","  |                                                                     "
"1","  |=====================================================          |  83%"
"1","  |                                                                     "
"1","  |=====================================================          |  84%"
"1","  |                                                                     "
"1","  |=====================================================          |  85%"
"1","  |                                                                     "
"1","  |======================================================         |  85%"
"1","  |                                                                     "
"1","  |======================================================         |  86%"
"1","  |                                                                     "
"1","  |=======================================================        |  87%"
"1","  |                                                                     "
"1","  |=======================================================        |  88%"
"1","  |                                                                     "
"1","  |========================================================       |  88%"
"1","  |                                                                     "
"1","  |========================================================       |  89%"
"1","  |                                                                     "
"1","  |========================================================       |  90%"
"1","  |                                                                     "
"1","  |=========================================================      |  90%"
"1","  |                                                                     "
"1","  |=========================================================      |  91%"
"1","  |                                                                     "
"1","  |==========================================================     |  91%"
"1","  |                                                                     "
"1","  |==========================================================     |  92%"
"1","  |                                                                     "
"1","  |==========================================================     |  93%"
"1","  |                                                                     "
"1","  |===========================================================    |  93%"
"1","  |                                                                     "
"1","  |===========================================================    |  94%"
"1","  |                                                                     "
"1","  |============================================================   |  94%"
"1","  |                                                                     "
"1","  |============================================================   |  95%"
"1","  |                                                                     "
"1","  |============================================================   |  96%"
"1","  |                                                                     "
"1","  |=============================================================  |  96%"
"1","  |                                                                     "
"1","  |=============================================================  |  97%"
"1","  |                                                                     "
"1","  |=============================================================  |  98%"
"1","  |                                                                     "
"1","  |============================================================== |  98%"
"1","  |                                                                     "
"1","  |============================================================== |  99%"
"1","  |                                                                     "
"1","  |===============================================================|  99%"
"1","  |                                                                     "
"1","  |===============================================================| 100%"
"1","
"
